USE ticketing ;
INSERT INTO `ticketing`.`LEVEL` (`ID`, `LEVEL_NAME`, `PRICE`, `NUMBER_OF_ROW`, `SEATS_PER_ROW`) VALUES (1, 'Orchestra', 100.00, 25, 50);
INSERT INTO `ticketing`.`LEVEL` (`ID`, `LEVEL_NAME`, `PRICE`, `NUMBER_OF_ROW`, `SEATS_PER_ROW`) VALUES (2, 'Main', 75.00, 20, 100);
INSERT INTO `ticketing`.`LEVEL` (`ID`, `LEVEL_NAME`, `PRICE`, `NUMBER_OF_ROW`, `SEATS_PER_ROW`) VALUES (3, 'Balcony 1', 50.00, 15, 100);
INSERT INTO `ticketing`.`LEVEL` (`ID`, `LEVEL_NAME`, `PRICE`, `NUMBER_OF_ROW`, `SEATS_PER_ROW`) VALUES (4, 'Balcony 2', 40.00, 15, 100);

INSERT INTO `ticketing`.`STATUS` (`ID`, `STATUS_DESC`) VALUES (1, 'AVAILABLE');
INSERT INTO `ticketing`.`STATUS` (`ID`, `STATUS_DESC`) VALUES (2, 'HOLD');
INSERT INTO `ticketing`.`STATUS` (`ID`, `STATUS_DESC`) VALUES (3, 'RESERVED');


INSERT INTO `ticketing`.`CUSTOMER` ( `EMAIL`) VALUES ( 'johndoe@example.com');

INSERT INTO `ticketing`.`SEAT` ( `SEAT_NUMBER`, `ROW_NUMBER`, `LEVEL`) VALUES ( 1, 1, 1);
INSERT INTO `ticketing`.`SEAT` ( `SEAT_NUMBER`, `ROW_NUMBER`, `LEVEL`) VALUES ( 2, 1, 1);
INSERT INTO `ticketing`.`SEAT` ( `SEAT_NUMBER`, `ROW_NUMBER`, `LEVEL`) VALUES ( 3, 1, 1);
INSERT INTO `ticketing`.`SEAT` ( `SEAT_NUMBER`, `ROW_NUMBER`, `LEVEL`) VALUES ( 4, 1, 1);
INSERT INTO `ticketing`.`SEAT` ( `SEAT_NUMBER`, `ROW_NUMBER`, `LEVEL`) VALUES ( 5, 1, 1);
INSERT INTO `ticketing`.`SEAT` ( `SEAT_NUMBER`, `ROW_NUMBER`, `LEVEL`) VALUES ( 6, 1, 1);

INSERT INTO `ticketing`.`SEAT` ( `SEAT_NUMBER`, `ROW_NUMBER`, `LEVEL`) VALUES ( 1, 1, 2);
INSERT INTO `ticketing`.`SEAT` ( `SEAT_NUMBER`, `ROW_NUMBER`, `LEVEL`) VALUES ( 2, 1, 2);
INSERT INTO `ticketing`.`SEAT` ( `SEAT_NUMBER`, `ROW_NUMBER`, `LEVEL`) VALUES ( 3, 1, 2);
INSERT INTO `ticketing`.`SEAT` ( `SEAT_NUMBER`, `ROW_NUMBER`, `LEVEL`) VALUES ( 4, 1, 2);
INSERT INTO `ticketing`.`SEAT` ( `SEAT_NUMBER`, `ROW_NUMBER`, `LEVEL`) VALUES ( 5, 1, 2);
INSERT INTO `ticketing`.`SEAT` ( `SEAT_NUMBER`, `ROW_NUMBER`, `LEVEL`) VALUES ( 6, 1, 2);

INSERT INTO `ticketing`.`RESERVATION` ( STATUS, `LEVEL`, `CUSTOMER_ID`, `CONFIRMATION_CODE`,
`NUMBER_OF_SEATS`, `HOLD_TIME`) VALUES (2, 1, 1, 'adnbbbb', 3, now());

INSERT INTO `ticketing`.`SEAT_HOLD` (`SEAT_ID`, `RESERVATION_ID`) VALUES ( 1, 1);
INSERT INTO `ticketing`.`SEAT_HOLD` ( `SEAT_ID`, `RESERVATION_ID`) VALUES ( 2, 1);
INSERT INTO `ticketing`.`SEAT_HOLD` ( `SEAT_ID`, `RESERVATION_ID`) VALUES ( 3, 1);

COMMIT;




