SET MODE Mysql;
INSERT INTO LEVEL (ID, LEVEL_NAME, PRICE, NUMBER_OF_ROW, SEATS_PER_ROW) VALUES (1, 'Orchestra', 100.00, 25, 50);
INSERT INTO LEVEL (ID, LEVEL_NAME, PRICE, NUMBER_OF_ROW, SEATS_PER_ROW) VALUES (2, 'Main', 75.00, 20, 100);
INSERT INTO LEVEL (ID, LEVEL_NAME, PRICE, NUMBER_OF_ROW, SEATS_PER_ROW) VALUES (3, 'Balcony 1', 50.00, 15, 100);
INSERT INTO LEVEL (ID, LEVEL_NAME, PRICE, NUMBER_OF_ROW, SEATS_PER_ROW) VALUES (4, 'Balcony 2', 40.00, 1, 1);


INSERT INTO STATUS (ID, STATUS_DESC) VALUES (1, 'AVAILABLE');
INSERT INTO STATUS (ID, STATUS_DESC) VALUES (2, 'HOLD');
INSERT INTO STATUS (ID, STATUS_DESC) VALUES (3, 'RESERVED');


INSERT INTO CUSTOMER ( ID,EMAIL) VALUES (1, 'johndoe@example.com');

INSERT INTO SEAT ( ID, SEAT_NUMBER, ROW_NUMBER, LEVEL) VALUES (1, 1, 1, 1);
INSERT INTO SEAT ( ID, SEAT_NUMBER, ROW_NUMBER, LEVEL) VALUES (2, 2, 1, 1);
INSERT INTO SEAT ( ID, SEAT_NUMBER, ROW_NUMBER, LEVEL) VALUES (3, 3, 1, 1);
INSERT INTO SEAT ( ID, SEAT_NUMBER, ROW_NUMBER, LEVEL) VALUES (4, 4, 1, 1);


INSERT INTO SEAT ( ID, SEAT_NUMBER, ROW_NUMBER, LEVEL) VALUES (5, 1, 1, 2);
INSERT INTO SEAT ( ID, SEAT_NUMBER, ROW_NUMBER, LEVEL) VALUES (6, 2, 1, 2);
INSERT INTO SEAT ( ID, SEAT_NUMBER, ROW_NUMBER, LEVEL) VALUES (7, 3, 1, 2);
INSERT INTO SEAT ( ID, SEAT_NUMBER, ROW_NUMBER, LEVEL) VALUES (8, 4, 1, 2);

INSERT INTO RESERVATION ( ID, STATUS, LEVEL, CUSTOMER_ID, CONFIRMATION_CODE,
NUMBER_OF_SEATS, HOLD_TIME) VALUES (1,2, 4, 1, 'confirmationcode', 3, now());

INSERT INTO SEAT_HOLD (ID,SEAT_ID, RESERVATION_ID) VALUES ( 1,1, 1);
INSERT INTO SEAT_HOLD (ID, SEAT_ID, RESERVATION_ID) VALUES (2, 2, 1);
INSERT INTO SEAT_HOLD (ID, SEAT_ID, RESERVATION_ID) VALUES (3, 3, 1);

COMMIT;